brand,name,box,product,taras,paper,vmr,Loai,arrival_date,inbound_code
BIRKENSTOCK,Birkens Gold Coast NT,1,3,0,0,0,-,2026-09-25,I-1000524729-001
BIRKENSTOCK,Birkens Gold Coast NT,0,22,0,0,0,-,,I-1000527110-001
BIRKENSTOCK,Birkens Gold Coast NT,0,0,5,0,0,-,,I-1000527113-001
BIRKENSTOCK,Birkenstock Centre Hà Nội,0,1,0,0,0,-,,I-1000527140-001
BIRKENSTOCK,Birkenstock Lotte Tây Hồ,0,4,0,0,0,-,,I-1000527472-001
BIRKENSTOCK,Birkenstock VINCOM TDH,0,7,0,0,0,-,,I-1000527080-001
BIRKENSTOCK,Birkenstock Đà Nẵng,0,3,0,0,0,-,,I-1000527138-001
CK,CK Crescent Mall,0,76,0,0,0,-,,I-1000528090-001
CK,CK Crescent Mall,0,24,0,0,0,-,,I-1000528118-001
CK,CK LÊ VĂN SỸ,0,108,0,0,0,-,,I-1000528299-001
CK,CK LÊ VĂN SỸ,0,4,0,0,0,-,,I-1000528298-001
CK,CK NGUYỄN TRÃI,0,77,0,0,0,-,,I-1000528352-001
CK,CK NGUYỄN TRÃI,0,2,0,0,0,-,,I-1000528353-001
CK,CK PARC MALL Q8,0,1,0,0,0,-,,I-1000527995-001
CK,CK PARC MALL Q8,0,36,0,0,0,-,,I-1000527997-001
CK,CK THẢO ĐIỀN,0,77,0,0,0,-,,I-1000528249-001
CK,CK TÂN PHÚ,0,2,0,0,0,-,,I-1000527982-001
CK,CK TÂN PHÚ,0,89,0,0,0,-,,I-1000528277-001
CK,CK VIVO,0,40,0,0,0,-,,I-1000528204-001
CK,CK VÕ VĂN NGÂN,0,135,0,0,0,-,,I-1000528312-001
CK,KHO ECOM THỦ ĐỨC,0,1,0,0,0,QC,2026-09-28,I-1000526476-001
Pedro,KHO ECOM THỦ ĐỨC,0,12,0,0,0,-,2026-10-01,I-1000527602-001
CK,KHO ECOM THỦ ĐỨC,0,15,0,0,0,-,2026-10-01,I-1000527604-001
BIRKENSTOCK,KHO ECOM THỦ ĐỨC,0,9,0,0,0,-,2026-10-01,I-1000527605-001
CK,KHO ECOM THỦ ĐỨC,0,70,0,0,0,-,2026-10-01,I-1000527626-001
CK,KHO ECOM THỦ ĐỨC,0,12,0,0,0,-,2026-10-01,I-1000528367-001
Pedro,KHO ECOM THỦ ĐỨC,0,10,0,0,0,-,2026-10-01,I-1000528368-001
BIRKENSTOCK,KHO ECOM THỦ ĐỨC,0,2,0,0,0,-,2026-10-01,I-1000528369-001
CK,KHO HÀ NỘI - SÀI ĐỒNG,16,172,0,0,0,-,2026-09-21,O-0080233747-001
CK,KHO HÀ NỘI - SÀI ĐỒNG,1,5,0,0,0,-,2026-09-21,O-0080234011-001
CK,KHO HÀ NỘI - SÀI ĐỒNG,2,17,0,0,0,-,2026-09-21,O-0080233748-001
CK,KHO HÀ NỘI - SÀI ĐỒNG,1,0,0,109,0,-,2026-09-21,O-0080233954-001
Pedro,KHO HÀ NỘI - SÀI ĐỒNG,7,84,0,0,0,-,2026-09-25,O-0080233985-001
CK,KHO HÀ NỘI - SÀI ĐỒNG,6,89,0,0,0,-,2026-09-29,O-0080234843-001
Pedro,KHO HÀ NỘI - SÀI ĐỒNG,5,72,0,0,0,-,2026-09-30,O-0080235232-001
CK,KHO HẬU MÃI QUẬN 8,0,1,0,0,0,-,2026-09-30,I-1000527414-001
Pedro,KHO HẬU MÃI QUẬN 8,1,6,0,0,0,-,2026-09-30,I-1000527415-001
Pedro,PD BIÊN HÒA,12,128,0,0,0,-,2026-09-26,I-1000526288-001
Pedro,PD BÌNH DƯƠNG,13,219,0,0,0,-,2026-10-01,I-1000527890-001
Pedro,PD BÌNH TÂN,5,117,0,0,0,-,2026-10-01,I-1000527865-001
Pedro,PD DN LÊ DUẨN,0,0,1,0,0,-,2026-09-14,I-1000521954-001
Pedro,PD DN LÊ DUẨN,10,183,0,0,0,-,2026-09-30,I-1000526245-001
Pedro,PD DN VINCOM,9,116,0,0,0,-,2026-09-30,I-1000525980-001
Pedro,PD HAI BÀ TRƯNG,3,66,0,0,0,-,2026-10-01,I-1000527950-001
Pedro,PD HUẾ,6,98,0,0,0,-,2026-09-30,I-1000525946-001
Pedro,PD HUẾ,0,159,0,0,0,-,,I-1000528357-001
Pedro,PD LÊ VĂN SỸ,1,3,0,0,0,KCL,2026-10-01,I-1000527926-001
Pedro,PD LÊ VĂN SỸ,6,87,0,0,0,-,2026-10-01,I-1000527927-001
Pedro,PD NGUYỄN TRÃI FLAGSHIP,4,47,0,0,0,-,2026-10-01,I-1000528003-001
Pedro,PD PARC MALL Q8,1,1,0,0,0,KCL,2026-10-01,I-1000527887-001
Pedro,PD PARC MALL Q8,5,85,0,0,0,-,2026-10-01,I-1000527888-001
Pedro,PD QUANG TRUNG,6,103,0,0,0,-,2026-10-01,I-1000527907-001
Pedro,PD SÀI GÒN,5,102,0,0,0,-,2026-10-01,I-1000528186-001
Pedro,PD THẢO ĐIỀN,0,1,0,0,0,KCL,,I-1000526787-001
Pedro,PD THẢO ĐIỀN,3,247,0,0,0,đóng shop-chăm sóc giày,2026-09-29,I-1000527007-001
Pedro,PD THẢO ĐIỀN,11,476,0,0,0,đóng shop-phụ kiện,2026-09-29,I-1000527008-001
Pedro,PD THẢO ĐIỀN,55,596,0,0,0,đóng shop-túi nữ,2026-09-29,I-1000527016-001
Pedro,PD THẢO ĐIỀN,12,0,0,1088,0,PD-PAPERBAG-M = 52; PD-PAPERBAG-S = 411; PD-PAPERBAG-XS = 599; PD-PRGIFTBOX-M = 5; PD-WHTDUSTBAG-XS = 21,2026-09-29,I-1000527013-001
Pedro,PD TÂN PHÚ,6,112,0,0,0,-,2026-10-01,I-1000528064-001
Pedro,PD VIVO,1,5,0,0,0,KCL,2026-10-01,I-1000527576-001
Pedro,PD VIVO,11,126,0,0,0,-,2026-10-01,I-1000528044-001
Pedro,PD VẠN HẠNH,6,125,0,0,0,-,2026-10-01,I-1000528037-001
Pedro,PD ĐÀ NẴNG THANH KHÊ,11,157,0,0,0,-,2026-09-29,I-1000526075-001
Pedro,PD ĐỒNG KHỞI,11,155,0,0,0,-,2026-10-01,I-1000528091-001
Pedro,Pedro Cresscent Mall,2,50,0,0,0,-,2026-10-01,I-1000527851-001
CK,TIKI,0,3,0,0,0,-,,I-1000521098-001
CK,TIKI,0,4,0,0,0,-,,I-1000525881-001
CONVERSE,TIKI,0,2,0,0,0,-,,I-1000525890-001
Pedro,TIKI,0,3,0,0,0,-,,I-1000525891-001
Pedro,TIKI,0,6,0,0,0,-,,I-1000526860-001
CK,TIKI,0,20,0,0,0,-,,I-1000526942-001
